brand,product_name,color_name,img_url,img_file,date,time
에뛰드,에뛰드 컬러 래스팅 글로우 스틱 8 Colors,01 로즈 베리,https://image.oliveyoung.co.kr/cfimages/cf-goods/uploads/images/options/item/2024/8/753056839859231171.jpg?RS=100x0&QT=85&SF=webp&sharpen=1x0.5,에뛰드_01 로즈 베리.jpg,2025-11-25,09:53:25
에뛰드,에뛰드 컬러 래스팅 글로우 스틱 8 Colors,02 포에버 루비,https://image.oliveyoung.co.kr/cfimages/cf-goods/uploads/images/options/item/2024/8/8008489126084352557.jpg?RS=100x0&QT=85&SF=webp&sharpen=1x0.5,에뛰드_02 포에버 루비.jpg,2025-11-25,09:53:25
에뛰드,에뛰드 컬러 래스팅 글로우 스틱 8 Colors,03 젤러스 레드,https://image.oliveyoung.co.kr/cfimages/cf-goods/uploads/images/options/item/2024/8/3858578861829832552.jpg?RS=100x0&QT=85&SF=webp&sharpen=1x0.5,에뛰드_03 젤러스 레드.jpg,2025-11-25,09:53:25
에뛰드,에뛰드 컬러 래스팅 글로우 스틱 8 Colors,04 핑크 위시,https://image.oliveyoung.co.kr/cfimages/cf-goods/uploads/images/options/item/2024/8/465664110416408601.jpg?RS=100x0&QT=85&SF=webp&sharpen=1x0.5,에뛰드_04 핑크 위시.jpg,2025-11-25,09:53:25
에뛰드,에뛰드 컬러 래스팅 글로우 스틱 8 Colors,05 허니 베이지,https://image.oliveyoung.co.kr/cfimages/cf-goods/uploads/images/options/item/2024/8/7943403957719825341.jpg?RS=100x0&QT=85&SF=webp&sharpen=1x0.5,에뛰드_05 허니 베이지.jpg,2025-11-25,09:53:25
에뛰드,에뛰드 컬러 래스팅 글로우 스틱 8 Colors,06 트와일라잇 모브,https://image.oliveyoung.co.kr/cfimages/cf-goods/uploads/images/options/item/2024/8/9146872163967772720.jpg?RS=100x0&QT=85&SF=webp&sharpen=1x0.5,에뛰드_06 트와일라잇 모브.jpg,2025-11-25,09:53:25
에뛰드,에뛰드 컬러 래스팅 글로우 스틱 8 Colors,[낫배드] 07 로지 토프,https://image.oliveyoung.co.kr/cfimages/cf-goods/uploads/images/options/item/2024/9/1573180229824845185.jpg?RS=100x0&QT=85&SF=webp&sharpen=1x0.5,에뛰드_[낫배드] 07 로지 토프.jpg,2025-11-25,09:53:25
에뛰드,에뛰드 컬러 래스팅 글로우 스틱 8 Colors,[낫배드] 08 뮤티드 브라운,https://image.oliveyoung.co.kr/cfimages/cf-goods/uploads/images/options/item/2024/9/2242337989787795961.jpg?RS=100x0&QT=85&SF=webp&sharpen=1x0.5,에뛰드_[낫배드] 08 뮤티드 브라운.jpg,2025-11-25,09:53:25
디어달리아,[수채화유리광]디어달리아 립 파라다이스 센슈얼 립 글로우,이사벨라,https://image.oliveyoung.co.kr/cfimages/cf-goods/uploads/images/options/item/2024/9/8925909801902446555.jpg?RS=100x0&QT=85&SF=webp&sharpen=1x0.5,디어달리아_이사벨라.jpg,2025-11-25,09:53:25
디어달리아,[수채화유리광]디어달리아 립 파라다이스 센슈얼 립 글로우,다이애나,https://image.oliveyoung.co.kr/cfimages/cf-goods/uploads/images/options/item/2024/9/6037009027488114346.jpg?RS=100x0&QT=85&SF=webp&sharpen=1x0.5,디어달리아_다이애나.jpg,2025-11-25,09:53:25
디어달리아,[수채화유리광]디어달리아 립 파라다이스 센슈얼 립 글로우,에밀리,https://image.oliveyoung.co.kr/cfimages/cf-goods/uploads/images/options/item/2024/9/1196868002819596876.jpg?RS=100x0&QT=85&SF=webp&sharpen=1x0.5,디어달리아_에밀리.jpg,2025-11-25,09:53:25
디어달리아,[수채화유리광]디어달리아 립 파라다이스 센슈얼 립 글로우,클로이,https://image.oliveyoung.co.kr/cfimages/cf-goods/uploads/images/options/item/2024/9/3268839034403206849.jpg?RS=100x0&QT=85&SF=webp&sharpen=1x0.5,디어달리아_클로이.jpg,2025-11-25,09:53:25
디어달리아,[수채화유리광]디어달리아 립 파라다이스 센슈얼 립 글로우,펠리시아,https://image.oliveyoung.co.kr/cfimages/cf-goods/uploads/images/options/item/2024/9/8488163604722415100.jpg?RS=100x0&QT=85&SF=webp&sharpen=1x0.5,디어달리아_펠리시아.jpg,2025-11-25,09:53:25
디어달리아,[수채화유리광]디어달리아 립 파라다이스 센슈얼 립 글로우,카일리,https://image.oliveyoung.co.kr/cfimages/cf-goods/uploads/images/options/item/2024/9/1057273944487851100.jpg?RS=100x0&QT=85&SF=webp&sharpen=1x0.5,디어달리아_카일리.jpg,2025-11-25,09:53:25
디어달리아,[수채화유리광]디어달리아 립 파라다이스 센슈얼 립 글로우,루나,https://image.oliveyoung.co.kr/cfimages/cf-goods/uploads/images/options/item/2024/9/8676307800609850441.jpg?RS=100x0&QT=85&SF=webp&sharpen=1x0.5,디어달리아_루나.jpg,2025-11-25,09:53:25
디어달리아,[수채화유리광]디어달리아 립 파라다이스 센슈얼 립 글로우,헤이즐,https://image.oliveyoung.co.kr/cfimages/cf-goods/uploads/images/options/item/2024/9/4698988137505779446.jpg?RS=100x0&QT=85&SF=webp&sharpen=1x0.5,디어달리아_헤이즐.jpg,2025-11-25,09:53:25
디어달리아,[미러글로우/탱글광] 디어달리아 립 얼루어 글로우 샤인,[소프트 핑크] 에린,https://image.oliveyoung.co.kr/cfimages/cf-goods/uploads/images/options/item/2025/2/745512403195265974.jpg?RS=100x0&QT=85&SF=webp&sharpen=1x0.5,디어달리아_[소프트 핑크] 에린.jpg,2025-11-25,09:53:26
디어달리아,[미러글로우/탱글광] 디어달리아 립 얼루어 글로우 샤인,[로지 오렌지] 시에나,https://image.oliveyoung.co.kr/cfimages/cf-goods/uploads/images/options/item/2025/2/5796501428440795549.jpg?RS=100x0&QT=85&SF=webp&sharpen=1x0.5,디어달리아_[로지 오렌지] 시에나.jpg,2025-11-25,09:53:26
디어달리아,[미러글로우/탱글광] 디어달리아 립 얼루어 글로우 샤인,[뉴트럴 로즈] 페이,https://image.oliveyoung.co.kr/cfimages/cf-goods/uploads/images/options/item/2025/2/7475477210065434819.jpg?RS=100x0&QT=85&SF=webp&sharpen=1x0.5,디어달리아_[뉴트럴 로즈] 페이.jpg,2025-11-25,09:53:26
디어달리아,[미러글로우/탱글광] 디어달리아 립 얼루어 글로우 샤인,[쿨 핑크] 키이라,https://image.oliveyoung.co.kr/cfimages/cf-goods/uploads/images/options/item/2025/2/819397895154146847.jpg?RS=100x0&QT=85&SF=webp&sharpen=1x0.5,디어달리아_[쿨 핑크] 키이라.jpg,2025-11-25,09:53:26
디어달리아,[미러글로우/탱글광] 디어달리아 립 얼루어 글로우 샤인,[브라이트 핑크] 크리스틴,https://image.oliveyoung.co.kr/cfimages/cf-goods/uploads/images/options/item/2025/2/1457600053729074274.jpg?RS=100x0&QT=85&SF=webp&sharpen=1x0.5,디어달리아_[브라이트 핑크] 크리스틴.jpg,2025-11-25,09:53:26
디어달리아,[미러글로우/탱글광] 디어달리아 립 얼루어 글로우 샤인,[체리레드] 샬롯,https://image.oliveyoung.co.kr/cfimages/cf-goods/uploads/images/options/item/2025/2/3351706314009967125.jpg?RS=100x0&QT=85&SF=webp&sharpen=1x0.5,디어달리아_[체리레드] 샬롯.jpg,2025-11-25,09:53:26
디어달리아,[미러글로우/탱글광] 디어달리아 립 얼루어 글로우 샤인,[피치코랄] 엘라,https://image.oliveyoung.co.kr/cfimages/cf-goods/uploads/images/options/item/2025/2/611874747367172049.jpg?RS=100x0&QT=85&SF=webp&sharpen=1x0.5,디어달리아_[피치코랄] 엘라.jpg,2025-11-25,09:53:26
디어달리아,[미러글로우/탱글광] 디어달리아 립 얼루어 글로우 샤인,[누디베이지] 아리아나,https://image.oliveyoung.co.kr/cfimages/cf-goods/uploads/images/options/item/2025/2/1396875377952034899.jpg?RS=100x0&QT=85&SF=webp&sharpen=1x0.5,디어달리아_[누디베이지] 아리아나.jpg,2025-11-25,09:53:26
디어달리아,[미러글로우/탱글광] 디어달리아 립 얼루어 글로우 샤인,[소프트 핑크] 에린,https://image.oliveyoung.co.kr/cfimages/cf-goods/uploads/images/options/item/2025/2/745512403195265974.jpg?RS=100x0&QT=85&SF=webp&sharpen=1x0.5,디어달리아_[소프트 핑크] 에린.jpg,2025-11-25,09:53:26
디어달리아,[미러글로우/탱글광] 디어달리아 립 얼루어 글로우 샤인,[로지 오렌지] 시에나,https://image.oliveyoung.co.kr/cfimages/cf-goods/uploads/images/options/item/2025/2/5796501428440795549.jpg?RS=100x0&QT=85&SF=webp&sharpen=1x0.5,디어달리아_[로지 오렌지] 시에나.jpg,2025-11-25,09:53:26
디어달리아,[미러글로우/탱글광] 디어달리아 립 얼루어 글로우 샤인,[뉴트럴 로즈] 페이,https://image.oliveyoung.co.kr/cfimages/cf-goods/uploads/images/options/item/2025/2/7475477210065434819.jpg?RS=100x0&QT=85&SF=webp&sharpen=1x0.5,디어달리아_[뉴트럴 로즈] 페이.jpg,2025-11-25,09:53:26
디어달리아,[미러글로우/탱글광] 디어달리아 립 얼루어 글로우 샤인,[쿨 핑크] 키이라,https://image.oliveyoung.co.kr/cfimages/cf-goods/uploads/images/options/item/2025/2/819397895154146847.jpg?RS=100x0&QT=85&SF=webp&sharpen=1x0.5,디어달리아_[쿨 핑크] 키이라.jpg,2025-11-25,09:53:26
디어달리아,[미러글로우/탱글광] 디어달리아 립 얼루어 글로우 샤인,[브라이트 핑크] 크리스틴,https://image.oliveyoung.co.kr/cfimages/cf-goods/uploads/images/options/item/2025/2/1457600053729074274.jpg?RS=100x0&QT=85&SF=webp&sharpen=1x0.5,디어달리아_[브라이트 핑크] 크리스틴.jpg,2025-11-25,09:53:26
디어달리아,[미러글로우/탱글광] 디어달리아 립 얼루어 글로우 샤인,[체리레드] 샬롯,https://image.oliveyoung.co.kr/cfimages/cf-goods/uploads/images/options/item/2025/2/3351706314009967125.jpg?RS=100x0&QT=85&SF=webp&sharpen=1x0.5,디어달리아_[체리레드] 샬롯.jpg,2025-11-25,09:53:26
디어달리아,[미러글로우/탱글광] 디어달리아 립 얼루어 글로우 샤인,[피치코랄] 엘라,https://image.oliveyoung.co.kr/cfimages/cf-goods/uploads/images/options/item/2025/2/611874747367172049.jpg?RS=100x0&QT=85&SF=webp&sharpen=1x0.5,디어달리아_[피치코랄] 엘라.jpg,2025-11-25,09:53:26
디어달리아,[미러글로우/탱글광] 디어달리아 립 얼루어 글로우 샤인,[누디베이지] 아리아나,https://image.oliveyoung.co.kr/cfimages/cf-goods/uploads/images/options/item/2025/2/1396875377952034899.jpg?RS=100x0&QT=85&SF=webp&sharpen=1x0.5,디어달리아_[누디베이지] 아리아나.jpg,2025-11-25,09:53:26
에뛰드,에뛰드 재창조 메이커_오버 립 펜슬,웜 오버립,https://image.oliveyoung.co.kr/cfimages/cf-goods/uploads/images/options/item/2025/10/5810223909192732683.jpg?RS=100x0&QT=85&SF=webp&sharpen=1x0.5,에뛰드_웜 오버립.jpg,2025-11-25,09:53:26
에뛰드,에뛰드 재창조 메이커_오버 립 펜슬,쿨 오버립,https://image.oliveyoung.co.kr/cfimages/cf-goods/uploads/images/options/item/2025/10/746272972932512186.jpg?RS=100x0&QT=85&SF=webp&sharpen=1x0.5,에뛰드_쿨 오버립.jpg,2025-11-25,09:53:26
3CE,3CE 블러 매트 립스틱 4g  10종,로지니스,https://image.oliveyoung.co.kr/cfimages/cf-goods/uploads/images/options/item/2023/4/5869852583243880070.jpg?RS=100x0&QT=85&SF=webp&sharpen=1x0.5,3CE_로지니스.jpg,2025-11-25,09:53:26
3CE,3CE 블러 매트 립스틱 4g  10종,미스티 데이,https://image.oliveyoung.co.kr/cfimages/cf-goods/uploads/images/options/item/2023/4/9152879906001286675.jpg?RS=100x0&QT=85&SF=webp&sharpen=1x0.5,3CE_미스티 데이.jpg,2025-11-25,09:53:26
3CE,3CE 블러 매트 립스틱 4g  10종,인 더 포그,https://image.oliveyoung.co.kr/cfimages/cf-goods/uploads/images/options/item/2023/4/4581397983722420153.jpg?RS=100x0&QT=85&SF=webp&sharpen=1x0.5,3CE_인 더 포그.jpg,2025-11-25,09:53:26
3CE,3CE 블러 매트 립스틱 4g  10종,솔티 시나몬,https://image.oliveyoung.co.kr/cfimages/cf-goods/uploads/images/options/item/2023/4/293523126625797452.jpg?RS=100x0&QT=85&SF=webp&sharpen=1x0.5,3CE_솔티 시나몬.jpg,2025-11-25,09:53:26
3CE,3CE 블러 매트 립스틱 4g  10종,퓨어 레이어,https://image.oliveyoung.co.kr/cfimages/cf-goods/uploads/images/options/item/2023/4/5884770181360798549.jpg?RS=100x0&QT=85&SF=webp&sharpen=1x0.5,3CE_퓨어 레이어.jpg,2025-11-25,09:53:26
3CE,3CE 블러 매트 립스틱 4g  10종,뉴트로 웨이브,https://image.oliveyoung.co.kr/cfimages/cf-goods/uploads/images/options/item/2023/4/3437114069375896964.jpg?RS=100x0&QT=85&SF=webp&sharpen=1x0.5,3CE_뉴트로 웨이브.jpg,2025-11-25,09:53:26
3CE,3CE 블러 매트 립스틱 4g  10종,브리지 멜로디,https://image.oliveyoung.co.kr/cfimages/cf-goods/uploads/images/options/item/2023/12/8552073034015312180.jpg?RS=100x0&QT=85&SF=webp&sharpen=1x0.5,3CE_브리지 멜로디.jpg,2025-11-25,09:53:26
3CE,3CE 블러 매트 립스틱 4g  10종,애프리콧 필터,https://image.oliveyoung.co.kr/cfimages/cf-goods/uploads/images/options/item/2023/4/3208390851048781541.jpg?RS=100x0&QT=85&SF=webp&sharpen=1x0.5,3CE_애프리콧 필터.jpg,2025-11-25,09:53:26
3CE,3CE 블러 매트 립스틱 4g  10종,모브 드리즐,https://image.oliveyoung.co.kr/cfimages/cf-goods/uploads/images/options/item/2023/4/7492677330697330688.jpg?RS=100x0&QT=85&SF=webp&sharpen=1x0.5,3CE_모브 드리즐.jpg,2025-11-25,09:53:26
롬앤,[NEW] 롬앤 립 메이트 펜슬,[NEW]10 쉘 브라운,https://image.oliveyoung.co.kr/cfimages/cf-goods/uploads/images/options/item/2025/6/5032458082615410133.jpg?RS=100x0&QT=85&SF=webp&sharpen=1x0.5,롬앤_[NEW]10 쉘 브라운.jpg,2025-11-25,09:53:26
롬앤,[NEW] 롬앤 립 메이트 펜슬,01 텐더리 피치,https://image.oliveyoung.co.kr/cfimages/cf-goods/uploads/images/options/item/2023/6/3281669785833612414.png?RS=100x0&QT=100&SF=webp&sharpen=1x0.5,롬앤_01 텐더리 피치.jpg,2025-11-25,09:53:26
롬앤,[NEW] 롬앤 립 메이트 펜슬,02 더비 핑크,https://image.oliveyoung.co.kr/cfimages/cf-goods/uploads/images/options/item/2023/6/8143479625762996578.png?RS=100x0&QT=100&SF=webp&sharpen=1x0.5,롬앤_02 더비 핑크.jpg,2025-11-25,09:53:26
롬앤,[NEW] 롬앤 립 메이트 펜슬,03 카야 베이지,https://image.oliveyoung.co.kr/cfimages/cf-goods/uploads/images/options/item/2023/6/5242566722522752970.png?RS=100x0&QT=100&SF=webp&sharpen=1x0.5,롬앤_03 카야 베이지.jpg,2025-11-25,09:53:26
롬앤,[NEW] 롬앤 립 메이트 펜슬,04 피그 브리즈,https://image.oliveyoung.co.kr/cfimages/cf-goods/uploads/images/options/item/2023/6/6572006376206695408.png?RS=100x0&QT=100&SF=webp&sharpen=1x0.5,롬앤_04 피그 브리즈.jpg,2025-11-25,09:53:26
롬앤,[NEW] 롬앤 립 메이트 펜슬,05 토피 쉐이드,https://image.oliveyoung.co.kr/cfimages/cf-goods/uploads/images/options/item/2023/6/1573109632193256635.png?RS=100x0&QT=100&SF=webp&sharpen=1x0.5,롬앤_05 토피 쉐이드.jpg,2025-11-25,09:53:26
입큰,[립펜슬+립쿠션] 입큰 플러피 듀얼 립펜슬 1.3g  7종,01 미닝 피치,https://image.oliveyoung.co.kr/cfimages/cf-goods/uploads/images/options/item/2024/1/6814418393776972275.jpg?RS=100x0&QT=85&SF=webp&sharpen=1x0.5,입큰_01 미닝 피치.jpg,2025-11-25,09:53:27
입큰,[립펜슬+립쿠션] 입큰 플러피 듀얼 립펜슬 1.3g  7종,02 플레르 베리,https://image.oliveyoung.co.kr/cfimages/cf-goods/uploads/images/options/item/2024/1/1865610220139403744.jpg?RS=100x0&QT=85&SF=webp&sharpen=1x0.5,입큰_02 플레르 베리.jpg,2025-11-25,09:53:27
입큰,[립펜슬+립쿠션] 입큰 플러피 듀얼 립펜슬 1.3g  7종,03 버니 누디,https://image.oliveyoung.co.kr/cfimages/cf-goods/uploads/images/options/item/2024/1/6471449465807324790.jpg?RS=100x0&QT=85&SF=webp&sharpen=1x0.5,입큰_03 버니 누디.jpg,2025-11-25,09:53:27
입큰,[립펜슬+립쿠션] 입큰 플러피 듀얼 립펜슬 1.3g  7종,04 핑크 바인,https://image.oliveyoung.co.kr/cfimages/cf-goods/uploads/images/options/item/2024/1/5290156196406421333.jpg?RS=100x0&QT=85&SF=webp&sharpen=1x0.5,입큰_04 핑크 바인.jpg,2025-11-25,09:53:27
입큰,[립펜슬+립쿠션] 입큰 플러피 듀얼 립펜슬 1.3g  7종,06 워밍 코랄,https://image.oliveyoung.co.kr/cfimages/cf-goods/uploads/images/options/item/2025/2/5624689190896932510.jpg?RS=100x0&QT=85&SF=webp&sharpen=1x0.5,입큰_06 워밍 코랄.jpg,2025-11-25,09:53:27
입큰,[립펜슬+립쿠션] 입큰 플러피 듀얼 립펜슬 1.3g  7종,07 소프트 포지,https://image.oliveyoung.co.kr/cfimages/cf-goods/uploads/images/options/item/2025/2/1715866368723768495.jpg?RS=100x0&QT=85&SF=webp&sharpen=1x0.5,입큰_07 소프트 포지.jpg,2025-11-25,09:53:27
입큰,[립펜슬+립쿠션] 입큰 플러피 듀얼 립펜슬 1.3g  7종,08 베이 로즈,https://image.oliveyoung.co.kr/cfimages/cf-goods/uploads/images/options/item/2025/2/8820836733943908366.jpg?RS=100x0&QT=85&SF=webp&sharpen=1x0.5,입큰_08 베이 로즈.jpg,2025-11-25,09:53:27
힌스,힌스 슬림 스틱 멜팅 매트,01 데자뷰,https://image.oliveyoung.co.kr/cfimages/cf-goods/uploads/images/options/item/2023/8/4113286372641613419.jpg?RS=100x0&QT=85&SF=webp&sharpen=1x0.5,힌스_01 데자뷰.jpg,2025-11-25,09:53:27
힌스,힌스 슬림 스틱 멜팅 매트,02 뉴 실루엣,https://image.oliveyoung.co.kr/cfimages/cf-goods/uploads/images/options/item/2023/8/5316952366008220963.jpg?RS=100x0&QT=85&SF=webp&sharpen=1x0.5,힌스_02 뉴 실루엣.jpg,2025-11-25,09:53:27
힌스,힌스 슬림 스틱 멜팅 매트,03 페이드 아웃,https://image.oliveyoung.co.kr/cfimages/cf-goods/uploads/images/options/item/2023/8/1065080744987927722.jpg?RS=100x0&QT=85&SF=webp&sharpen=1x0.5,힌스_03 페이드 아웃.jpg,2025-11-25,09:53:27
힌스,힌스 슬림 스틱 멜팅 매트,04 모멘터리,https://image.oliveyoung.co.kr/cfimages/cf-goods/uploads/images/options/item/2023/8/6131667240995528284.jpg?RS=100x0&QT=85&SF=webp&sharpen=1x0.5,힌스_04 모멘터리.jpg,2025-11-25,09:53:27
힌스,힌스 슬림 스틱 멜팅 매트,05 언리파인드,https://image.oliveyoung.co.kr/cfimages/cf-goods/uploads/images/options/item/2023/8/4386447190370798742.jpg?RS=100x0&QT=85&SF=webp&sharpen=1x0.5,힌스_05 언리파인드.jpg,2025-11-25,09:53:27
컬러그램,[NEW] 컬러그램 누디 블러 립펜슬 5 COLOR,01 살구살몬,https://image.oliveyoung.co.kr/cfimages/cf-goods/uploads/images/options/item/2025/11/7196543101258574826.png?RS=100x0&QT=100&SF=webp&sharpen=1x0.5,컬러그램_01 살구살몬.jpg,2025-11-25,09:53:29
키스미,[레미 콜라보] 키스미 아이 베일 이펙트 스틱 4g 7종 (꼬마마법사 레미 콜라보),[레미콜라보] 2호 직감,https://image.oliveyoung.co.kr/cfimages/cf-goods/uploads/images/options/item/2025/7/1028925184168625164.jpg?RS=100x0&QT=85&SF=webp&sharpen=1x0.5,키스미_[레미콜라보] 2호 직감.jpg,2025-11-25,09:53:29
키스미,[레미 콜라보] 키스미 아이 베일 이펙트 스틱 4g 7종 (꼬마마법사 레미 콜라보),[레미콜라보] 3호 확신,https://image.oliveyoung.co.kr/cfimages/cf-goods/uploads/images/options/item/2025/7/1756346473655421200.jpg?RS=100x0&QT=85&SF=webp&sharpen=1x0.5,키스미_[레미콜라보] 3호 확신.jpg,2025-11-25,09:53:29
키스미,[레미 콜라보] 키스미 아이 베일 이펙트 스틱 4g 7종 (꼬마마법사 레미 콜라보),[레미콜라보][NEW][봄웜]7호 환상,https://image.oliveyoung.co.kr/cfimages/cf-goods/uploads/images/options/item/2025/7/2527450416998766976.jpg?RS=100x0&QT=85&SF=webp&sharpen=1x0.5,키스미_[레미콜라보][NEW][봄웜]7호 환상.jpg,2025-11-25,09:53:29
키스미,[레미 콜라보] 키스미 아이 베일 이펙트 스틱 4g 7종 (꼬마마법사 레미 콜라보),1호 순간,https://image.oliveyoung.co.kr/cfimages/cf-goods/uploads/images/options/item/2024/12/2739253179837763375.jpg?RS=100x0&QT=85&SF=webp&sharpen=1x0.5,키스미_1호 순간.jpg,2025-11-25,09:53:29
키스미,[레미 콜라보] 키스미 아이 베일 이펙트 스틱 4g 7종 (꼬마마법사 레미 콜라보),3호 확신,https://image.oliveyoung.co.kr/cfimages/cf-goods/uploads/images/options/item/2024/12/6046926377701326303.jpg?RS=100x0&QT=85&SF=webp&sharpen=1x0.5,키스미_3호 확신.jpg,2025-11-25,09:53:29
키스미,[레미 콜라보] 키스미 아이 베일 이펙트 스틱 4g 7종 (꼬마마법사 레미 콜라보),4호 믿음,https://image.oliveyoung.co.kr/cfimages/cf-goods/uploads/images/options/item/2024/12/3861471500114007963.jpg?RS=100x0&QT=85&SF=webp&sharpen=1x0.5,키스미_4호 믿음.jpg,2025-11-25,09:53:29
키스미,[레미 콜라보] 키스미 아이 베일 이펙트 스틱 4g 7종 (꼬마마법사 레미 콜라보),5호 몰입,https://image.oliveyoung.co.kr/cfimages/cf-goods/uploads/images/options/item/2024/12/3858963180725540058.jpg?RS=100x0&QT=85&SF=webp&sharpen=1x0.5,키스미_5호 몰입.jpg,2025-11-25,09:53:29
키스미,[레미 콜라보] 키스미 아이 베일 이펙트 스틱 4g 7종 (꼬마마법사 레미 콜라보),6호 예감,https://image.oliveyoung.co.kr/cfimages/cf-goods/uploads/images/options/item/2024/12/7405123096804656497.jpg?RS=100x0&QT=85&SF=webp&sharpen=1x0.5,키스미_6호 예감.jpg,2025-11-25,09:53:29
키스미,[레미 콜라보] 키스미 아이 베일 이펙트 스틱 4g 7종 (꼬마마법사 레미 콜라보),2호 직감,https://image.oliveyoung.co.kr/cfimages/cf-goods/uploads/images/options/item/2024/12/5200475170737978262.jpg?RS=100x0&QT=85&SF=webp&sharpen=1x0.5,키스미_2호 직감.jpg,2025-11-25,09:53:29
라카,라카 벌키 매트 립스틱 4g 10종,401 로우 핑크,https://image.oliveyoung.co.kr/cfimages/cf-goods/uploads/images/options/item/2024/9/194559951833359731.jpg?RS=100x0&QT=85&SF=webp&sharpen=1x0.5,라카_401 로우 핑크.jpg,2025-11-25,09:53:29
라카,라카 벌키 매트 립스틱 4g 10종,402 투 로즈,https://image.oliveyoung.co.kr/cfimages/cf-goods/uploads/images/options/item/2024/9/8979689655030565679.jpg?RS=100x0&QT=85&SF=webp&sharpen=1x0.5,라카_402 투 로즈.jpg,2025-11-25,09:53:29
라카,라카 벌키 매트 립스틱 4g 10종,403 피그 사운즈,https://image.oliveyoung.co.kr/cfimages/cf-goods/uploads/images/options/item/2024/9/1463243216780235815.jpg?RS=100x0&QT=85&SF=webp&sharpen=1x0.5,라카_403 피그 사운즈.jpg,2025-11-25,09:53:29
라카,라카 벌키 매트 립스틱 4g 10종,404 오프 살몬,https://image.oliveyoung.co.kr/cfimages/cf-goods/uploads/images/options/item/2024/9/7061208967040615957.jpg?RS=100x0&QT=85&SF=webp&sharpen=1x0.5,라카_404 오프 살몬.jpg,2025-11-25,09:53:29
라카,라카 벌키 매트 립스틱 4g 10종,405 쏘 피치,https://image.oliveyoung.co.kr/cfimages/cf-goods/uploads/images/options/item/2024/9/3659493558423088948.jpg?RS=100x0&QT=85&SF=webp&sharpen=1x0.5,라카_405 쏘 피치.jpg,2025-11-25,09:53:29
라카,라카 벌키 매트 립스틱 4g 10종,406 뉴 패션,https://image.oliveyoung.co.kr/cfimages/cf-goods/uploads/images/options/item/2024/9/3268499935535176951.jpg?RS=100x0&QT=85&SF=webp&sharpen=1x0.5,라카_406 뉴 패션.jpg,2025-11-25,09:53:29
라카,라카 벌키 매트 립스틱 4g 10종,407 칠리 락,https://image.oliveyoung.co.kr/cfimages/cf-goods/uploads/images/options/item/2024/9/7364922089317949230.jpg?RS=100x0&QT=85&SF=webp&sharpen=1x0.5,라카_407 칠리 락.jpg,2025-11-25,09:53:29
라카,라카 벌키 매트 립스틱 4g 10종,408 베베 아몬드,https://image.oliveyoung.co.kr/cfimages/cf-goods/uploads/images/options/item/2024/9/5080192534391884636.jpg?RS=100x0&QT=85&SF=webp&sharpen=1x0.5,라카_408 베베 아몬드.jpg,2025-11-25,09:53:29
라카,라카 벌키 매트 립스틱 4g 10종,409 모브 젬,https://image.oliveyoung.co.kr/cfimages/cf-goods/uploads/images/options/item/2024/9/7083898873467692713.jpg?RS=100x0&QT=85&SF=webp&sharpen=1x0.5,라카_409 모브 젬.jpg,2025-11-25,09:53:29
라카,라카 벌키 매트 립스틱 4g 10종,410 볼드 베리,https://image.oliveyoung.co.kr/cfimages/cf-goods/uploads/images/options/item/2024/9/1521282250642074686.jpg?RS=100x0&QT=85&SF=webp&sharpen=1x0.5,라카_410 볼드 베리.jpg,2025-11-25,09:53:29
클리오,[앨리스 콜라보] 클리오 크리스탈 글램 밤 3.2g 7종,[앨리스] 07 뮤즈 로즈,https://image.oliveyoung.co.kr/cfimages/cf-goods/uploads/images/options/item/2025/10/3088386475979835044.jpg?RS=100x0&QT=85&SF=webp&sharpen=1x0.5,클리오_[앨리스] 07 뮤즈 로즈.jpg,2025-11-25,09:53:29
클리오,[앨리스 콜라보] 클리오 크리스탈 글램 밤 3.2g 7종,[앨리스] 08 루시드 모브,https://image.oliveyoung.co.kr/cfimages/cf-goods/uploads/images/options/item/2025/10/8176747863587939210.jpg?RS=100x0&QT=85&SF=webp&sharpen=1x0.5,클리오_[앨리스] 08 루시드 모브.jpg,2025-11-25,09:53:29
클리오,[앨리스 콜라보] 클리오 크리스탈 글램 밤 3.2g 7종,[앨리스] 09 헤일로 핑크,https://image.oliveyoung.co.kr/cfimages/cf-goods/uploads/images/options/item/2025/10/2427309794226595752.jpg?RS=100x0&QT=85&SF=webp&sharpen=1x0.5,클리오_[앨리스] 09 헤일로 핑크.jpg,2025-11-25,09:53:29
클리오,[앨리스 콜라보] 클리오 크리스탈 글램 밤 3.2g 7종,01 꿀 복숭아,https://image.oliveyoung.co.kr/cfimages/cf-goods/uploads/images/options/item/2023/12/1458731619545942260.jpg?RS=100x0&QT=85&SF=webp&sharpen=1x0.5,클리오_01 꿀 복숭아.jpg,2025-11-25,09:53:29
클리오,[앨리스 콜라보] 클리오 크리스탈 글램 밤 3.2g 7종,03 꿀 앵두,https://image.oliveyoung.co.kr/cfimages/cf-goods/uploads/images/options/item/2023/12/7463777358523485401.jpg?RS=100x0&QT=85&SF=webp&sharpen=1x0.5,클리오_03 꿀 앵두.jpg,2025-11-25,09:53:29
클리오,[앨리스 콜라보] 클리오 크리스탈 글램 밤 3.2g 7종,04 꿀 사과,https://image.oliveyoung.co.kr/cfimages/cf-goods/uploads/images/options/item/2023/12/7247086083440387731.jpg?RS=100x0&QT=85&SF=webp&sharpen=1x0.5,클리오_04 꿀 사과.jpg,2025-11-25,09:53:29
클리오,[앨리스 콜라보] 클리오 크리스탈 글램 밤 3.2g 7종,06 꿀 무화과,https://image.oliveyoung.co.kr/cfimages/cf-goods/uploads/images/options/item/2023/12/5941301319601862086.jpg?RS=100x0&QT=85&SF=webp&sharpen=1x0.5,클리오_06 꿀 무화과.jpg,2025-11-25,09:53:29
바닐라코,바닐라코 커버 립 베이스 1.7g 6종  (단품/기획),[틴트기획] 풀 베이지,https://image.oliveyoung.co.kr/cfimages/cf-goods/uploads/images/options/item/2025/2/2908102433315365994.jpg?RS=100x0&QT=85&SF=webp&sharpen=1x0.5,바닐라코_[틴트기획] 풀 베이지.jpg,2025-11-25,09:53:30
바닐라코,바닐라코 커버 립 베이스 1.7g 6종  (단품/기획),[틴트기획] 소프트 살몬,https://image.oliveyoung.co.kr/cfimages/cf-goods/uploads/images/options/item/2025/2/8090441945600138397.jpg?RS=100x0&QT=85&SF=webp&sharpen=1x0.5,바닐라코_[틴트기획] 소프트 살몬.jpg,2025-11-25,09:53:30
바닐라코,바닐라코 커버 립 베이스 1.7g 6종  (단품/기획),(NEW) 소프트 페일,https://image.oliveyoung.co.kr/cfimages/cf-goods/uploads/images/options/item/2025/6/4766269570072119198.jpg?RS=100x0&QT=85&SF=webp&sharpen=1x0.5,바닐라코_(NEW) 소프트 페일.jpg,2025-11-25,09:53:30
바닐라코,바닐라코 커버 립 베이스 1.7g 6종  (단품/기획),(NEW) 풀 스킨,https://image.oliveyoung.co.kr/cfimages/cf-goods/uploads/images/options/item/2025/6/7062496437818093571.jpg?RS=100x0&QT=85&SF=webp&sharpen=1x0.5,바닐라코_(NEW) 풀 스킨.jpg,2025-11-25,09:53:30
바닐라코,바닐라코 커버 립 베이스 1.7g 6종  (단품/기획),풀 베이지,https://image.oliveyoung.co.kr/cfimages/cf-goods/uploads/images/options/item/2025/1/8619278091637072197.jpg?RS=100x0&QT=85&SF=webp&sharpen=1x0.5,바닐라코_풀 베이지.jpg,2025-11-25,09:53:30
바닐라코,바닐라코 커버 립 베이스 1.7g 6종  (단품/기획),풀 그레이,https://image.oliveyoung.co.kr/cfimages/cf-goods/uploads/images/options/item/2025/1/2507461261570447978.jpg?RS=100x0&QT=85&SF=webp&sharpen=1x0.5,바닐라코_풀 그레이.jpg,2025-11-25,09:53:30
바닐라코,바닐라코 커버 립 베이스 1.7g 6종  (단품/기획),소프트 핑크,https://image.oliveyoung.co.kr/cfimages/cf-goods/uploads/images/options/item/2025/1/7293339668551895351.jpg?RS=100x0&QT=85&SF=webp&sharpen=1x0.5,바닐라코_소프트 핑크.jpg,2025-11-25,09:53:30
바닐라코,바닐라코 커버 립 베이스 1.7g 6종  (단품/기획),소프트 살몬,https://image.oliveyoung.co.kr/cfimages/cf-goods/uploads/images/options/item/2025/1/3960585402558087501.jpg?RS=100x0&QT=85&SF=webp&sharpen=1x0.5,바닐라코_소프트 살몬.jpg,2025-11-25,09:53:30
네이처리퍼블릭,[00호 올리브영 단독] 네이처리퍼블릭 코튼 멜팅 립 1.4g 7종,[단독] 00 쉬폰 그레이,https://image.oliveyoung.co.kr/cfimages/cf-goods/uploads/images/options/item/2024/10/3760709152940313261.jpg?RS=100x0&QT=85&SF=webp&sharpen=1x0.5,네이처리퍼블릭_[단독] 00 쉬폰 그레이.jpg,2025-11-25,09:53:30
네이처리퍼블릭,[00호 올리브영 단독] 네이처리퍼블릭 코튼 멜팅 립 1.4g 7종,01 폭닥 베이지,https://image.oliveyoung.co.kr/cfimages/cf-goods/uploads/images/options/item/2024/10/3177892419135609424.jpg?RS=100x0&QT=85&SF=webp&sharpen=1x0.5,네이처리퍼블릭_01 폭닥 베이지.jpg,2025-11-25,09:53:30
네이처리퍼블릭,[00호 올리브영 단독] 네이처리퍼블릭 코튼 멜팅 립 1.4g 7종,03 포그 브라운,https://image.oliveyoung.co.kr/cfimages/cf-goods/uploads/images/options/item/2024/10/1101346166490034692.jpg?RS=100x0&QT=85&SF=webp&sharpen=1x0.5,네이처리퍼블릭_03 포그 브라운.jpg,2025-11-25,09:53:30
네이처리퍼블릭,[00호 올리브영 단독] 네이처리퍼블릭 코튼 멜팅 립 1.4g 7종,04 버니 핑크,https://image.oliveyoung.co.kr/cfimages/cf-goods/uploads/images/options/item/2024/10/6378022476386919404.jpg?RS=100x0&QT=85&SF=webp&sharpen=1x0.5,네이처리퍼블릭_04 버니 핑크.jpg,2025-11-25,09:53:30
네이처리퍼블릭,[00호 올리브영 단독] 네이처리퍼블릭 코튼 멜팅 립 1.4g 7종,05 퍼지 로즈,https://image.oliveyoung.co.kr/cfimages/cf-goods/uploads/images/options/item/2024/10/9128282976738346722.jpg?RS=100x0&QT=85&SF=webp&sharpen=1x0.5,네이처리퍼블릭_05 퍼지 로즈.jpg,2025-11-25,09:53:30
네이처리퍼블릭,[00호 올리브영 단독] 네이처리퍼블릭 코튼 멜팅 립 1.4g 7종,02 뽀용 코랄,https://image.oliveyoung.co.kr/cfimages/cf-goods/uploads/images/options/item/2024/10/4053026074399163609.jpg?RS=100x0&QT=85&SF=webp&sharpen=1x0.5,네이처리퍼블릭_02 뽀용 코랄.jpg,2025-11-25,09:53:30
네이처리퍼블릭,[00호 올리브영 단독] 네이처리퍼블릭 코튼 멜팅 립 1.4g 7종,06 몽롱 모브,https://image.oliveyoung.co.kr/cfimages/cf-goods/uploads/images/options/item/2024/10/8253079562685721616.jpg?RS=100x0&QT=85&SF=webp&sharpen=1x0.5,네이처리퍼블릭_06 몽롱 모브.jpg,2025-11-25,09:53:30
클리오,클리오 버터밤 크레용 3.9g 14종,001 핑크포스터,https://image.oliveyoung.co.kr/cfimages/cf-goods/uploads/images/options/item/2024/8/2157793103600344321.jpg?RS=100x0&QT=85&SF=webp&sharpen=1x0.5,클리오_001 핑크포스터.jpg,2025-11-25,09:53:30
클리오,클리오 버터밤 크레용 3.9g 14종,004 모던아트베이지,https://image.oliveyoung.co.kr/cfimages/cf-goods/uploads/images/options/item/2024/8/8950832782325839246.jpg?RS=100x0&QT=85&SF=webp&sharpen=1x0.5,클리오_004 모던아트베이지.jpg,2025-11-25,09:53:30
클리오,클리오 버터밤 크레용 3.9g 14종,011 피치바이트,https://image.oliveyoung.co.kr/cfimages/cf-goods/uploads/images/options/item/2025/2/7686675112596651242.jpg?RS=100x0&QT=85&SF=webp&sharpen=1x0.5,클리오_011 피치바이트.jpg,2025-11-25,09:53:30
클리오,클리오 버터밤 크레용 3.9g 14종,012 프렌치애프리콧,https://image.oliveyoung.co.kr/cfimages/cf-goods/uploads/images/options/item/2025/2/2389564540040013593.jpg?RS=100x0&QT=85&SF=webp&sharpen=1x0.5,클리오_012 프렌치애프리콧.jpg,2025-11-25,09:53:30
클리오,클리오 버터밤 크레용 3.9g 14종,013 굿모닝애플,https://image.oliveyoung.co.kr/cfimages/cf-goods/uploads/images/options/item/2025/2/7978515784056789393.jpg?RS=100x0&QT=85&SF=webp&sharpen=1x0.5,클리오_013 굿모닝애플.jpg,2025-11-25,09:53:30
클리오,클리오 버터밤 크레용 3.9g 14종,002 피크닉코랄,https://image.oliveyoung.co.kr/cfimages/cf-goods/uploads/images/options/item/2024/8/4195631951952441569.jpg?RS=100x0&QT=85&SF=webp&sharpen=1x0.5,클리오_002 피크닉코랄.jpg,2025-11-25,09:53:30
클리오,클리오 버터밤 크레용 3.9g 14종,003 파스텔로즈,https://image.oliveyoung.co.kr/cfimages/cf-goods/uploads/images/options/item/2024/8/8581061445959591047.jpg?RS=100x0&QT=85&SF=webp&sharpen=1x0.5,클리오_003 파스텔로즈.jpg,2025-11-25,09:53:30
클리오,클리오 버터밤 크레용 3.9g 14종,005 갤러리브라운,https://image.oliveyoung.co.kr/cfimages/cf-goods/uploads/images/options/item/2024/8/6190927956626027384.jpg?RS=100x0&QT=85&SF=webp&sharpen=1x0.5,클리오_005 갤러리브라운.jpg,2025-11-25,09:53:30
클리오,클리오 버터밤 크레용 3.9g 14종,006 브리즈애플,https://image.oliveyoung.co.kr/cfimages/cf-goods/uploads/images/options/item/2024/8/6841756331617928175.jpg?RS=100x0&QT=85&SF=webp&sharpen=1x0.5,클리오_006 브리즈애플.jpg,2025-11-25,09:53:30
클리오,클리오 버터밤 크레용 3.9g 14종,007 모브쉐이드,https://image.oliveyoung.co.kr/cfimages/cf-goods/uploads/images/options/item/2024/8/88446599590693564.jpg?RS=100x0&QT=85&SF=webp&sharpen=1x0.5,클리오_007 모브쉐이드.jpg,2025-11-25,09:53:30
클리오,클리오 버터밤 크레용 3.9g 14종,008 팝아트베리,https://image.oliveyoung.co.kr/cfimages/cf-goods/uploads/images/options/item/2024/8/3914033646865921547.jpg?RS=100x0&QT=85&SF=webp&sharpen=1x0.5,클리오_008 팝아트베리.jpg,2025-11-25,09:53:30
클리오,클리오 버터밤 크레용 3.9g 14종,009 젠틀크림피치,https://image.oliveyoung.co.kr/cfimages/cf-goods/uploads/images/options/item/2024/8/2965969149557835826.jpg?RS=100x0&QT=85&SF=webp&sharpen=1x0.5,클리오_009 젠틀크림피치.jpg,2025-11-25,09:53:30
클리오,클리오 버터밤 크레용 3.9g 14종,010 메이플브릭,https://image.oliveyoung.co.kr/cfimages/cf-goods/uploads/images/options/item/2024/8/2019506395709097753.jpg?RS=100x0&QT=85&SF=webp&sharpen=1x0.5,클리오_010 메이플브릭.jpg,2025-11-25,09:53:30
클리오,클리오 버터밤 크레용 3.9g 14종,015 그레이프토핑,https://image.oliveyoung.co.kr/cfimages/cf-goods/uploads/images/options/item/2025/2/8422765247329349884.jpg?RS=100x0&QT=85&SF=webp&sharpen=1x0.5,클리오_015 그레이프토핑.jpg,2025-11-25,09:53:30
맥,MAC 맥 파우더 키스 립스틱,만다린 오,https://image.oliveyoung.co.kr/cfimages/cf-goods/uploads/images/options/item/2020/6/253128875625088831.jpg?RS=100x0&QT=85&SF=webp&sharpen=1x0.5,맥_만다린 오.jpg,2025-11-25,09:53:30
맥,MAC 맥 파우더 키스 립스틱,"웍,웍,웍",https://image.oliveyoung.co.kr/cfimages/cf-goods/uploads/images/options/item/2020/6/3993932170574747665.jpg?RS=100x0&QT=85&SF=webp&sharpen=1x0.5,"맥_웍,웍,웍.jpg",2025-11-25,09:53:30
맥,MAC 맥 파우더 키스 립스틱,스타일 쇼크드,https://image.oliveyoung.co.kr/cfimages/cf-goods/uploads/images/options/item/2020/6/413031756046436386.jpg?RS=100x0&QT=85&SF=webp&sharpen=1x0.5,맥_스타일 쇼크드.jpg,2025-11-25,09:53:30
맥,MAC 맥 파우더 키스 립스틱,폴 인 러브,https://image.oliveyoung.co.kr/cfimages/cf-goods/uploads/images/options/item/2020/6/1228920431036347371.jpg?RS=100x0&QT=85&SF=webp&sharpen=1x0.5,맥_폴 인 러브.jpg,2025-11-25,09:53:30
맥,MAC 맥 파우더 키스 립스틱,디보티드 투 칠리,https://image.oliveyoung.co.kr/cfimages/cf-goods/uploads/images/options/item/2020/6/842440338700138762.jpg?RS=100x0&QT=85&SF=webp&sharpen=1x0.5,맥_디보티드 투 칠리.jpg,2025-11-25,09:53:30
맥,MAC 맥 파우더 키스 립스틱,마라케쉬-미어,https://image.oliveyoung.co.kr/cfimages/cf-goods/uploads/images/options/item/2021/2/1063093529813081074.jpg?RS=100x0&QT=85&SF=webp&sharpen=1x0.5,맥_마라케쉬-미어.jpg,2025-11-25,09:53:30
맥,MAC 맥 파우더 키스 립스틱,듀보넷 버즈,https://image.oliveyoung.co.kr/cfimages/cf-goods/uploads/images/options/item/2021/2/1527564518382415261.jpg?RS=100x0&QT=85&SF=webp&sharpen=1x0.5,맥_듀보넷 버즈.jpg,2025-11-25,09:53:30
맥,MAC 맥 파우더 키스 립스틱,쉬어 아웃트레지,https://image.oliveyoung.co.kr/cfimages/cf-goods/uploads/images/options/item/2021/2/1571135078723508644.jpg?RS=100x0&QT=85&SF=webp&sharpen=1x0.5,맥_쉬어 아웃트레지.jpg,2025-11-25,09:53:30
맥,MAC 맥 파우더 키스 립스틱,"유어 버긴, 레이디",https://image.oliveyoung.co.kr/cfimages/cf-goods/uploads/images/options/item/2021/2/4316140973700152698.jpg?RS=100x0&QT=85&SF=webp&sharpen=1x0.5,"맥_유어 버긴, 레이디.jpg",2025-11-25,09:53:30
맥,MAC 맥 파우더 키스 립스틱,브릭쓰루,https://image.oliveyoung.co.kr/cfimages/cf-goods/uploads/images/options/item/2021/2/8165550597480916590.jpg?RS=100x0&QT=85&SF=webp&sharpen=1x0.5,맥_브릭쓰루.jpg,2025-11-25,09:53:30
맥,MAC 맥 파우더 키스 립스틱,카인다 쏘어-타,https://image.oliveyoung.co.kr/cfimages/cf-goods/uploads/images/options/item/2021/12/7194435782839484272.jpg?RS=100x0&QT=85&SF=webp&sharpen=1x0.5,맥_카인다 쏘어-타.jpg,2025-11-25,09:53:30
맥,MAC 맥 파우더 키스 립스틱,테디 2.0,https://image.oliveyoung.co.kr/cfimages/cf-goods/uploads/images/options/item/2021/12/2830731618071018304.jpg?RS=100x0&QT=85&SF=webp&sharpen=1x0.5,맥_테디 2.0.jpg,2025-11-25,09:53:30
맥,MAC 맥 파우더 키스 립스틱,설트리 무브,https://image.oliveyoung.co.kr/cfimages/cf-goods/uploads/images/options/item/2021/12/266810482693178932.jpg?RS=100x0&QT=85&SF=webp&sharpen=1x0.5,맥_설트리 무브.jpg,2025-11-25,09:53:30
맥,MAC 맥 파우더 키스 립스틱,임펄시브,https://image.oliveyoung.co.kr/cfimages/cf-goods/uploads/images/options/item/2021/12/3398036757971201617.jpg?RS=100x0&QT=85&SF=webp&sharpen=1x0.5,맥_임펄시브.jpg,2025-11-25,09:53:30
맥,MAC 맥 파우더 키스 립스틱,루비뉴,https://image.oliveyoung.co.kr/cfimages/cf-goods/uploads/images/options/item/2022/6/1950399484297906149.jpg?RS=100x0&QT=85&SF=webp&sharpen=1x0.5,맥_루비뉴.jpg,2025-11-25,09:53:30
맥,MAC 맥 파우더 키스 립스틱,어 리틀 템드,https://image.oliveyoung.co.kr/cfimages/cf-goods/uploads/images/options/item/2020/6/7577787623535404033.jpg?RS=100x0&QT=85&SF=webp&sharpen=1x0.5,맥_어 리틀 템드.jpg,2025-11-25,09:53:30
맥,MAC 맥 파우더 키스 립스틱,멀 잇 오버,https://image.oliveyoung.co.kr/cfimages/cf-goods/uploads/images/options/item/2020/6/725096147149239805.jpg?RS=100x0&QT=85&SF=webp&sharpen=1x0.5,맥_멀 잇 오버.jpg,2025-11-25,09:53:30
맥,MAC 맥 파우더 키스 립스틱,래스팅 패션,https://image.oliveyoung.co.kr/cfimages/cf-goods/uploads/images/options/item/2020/6/6952956417844620370.jpg?RS=100x0&QT=85&SF=webp&sharpen=1x0.5,맥_래스팅 패션.jpg,2025-11-25,09:53:30
맥,MAC 맥 파우더 키스 립스틱,서트리니스,https://image.oliveyoung.co.kr/cfimages/cf-goods/uploads/images/options/item/2020/6/6447187625777607604.jpg?RS=100x0&QT=85&SF=webp&sharpen=1x0.5,맥_서트리니스.jpg,2025-11-25,09:53:30
맥,MAC 맥 파우더 키스 립스틱,버닝 러브,https://image.oliveyoung.co.kr/cfimages/cf-goods/uploads/images/options/item/2020/6/3941504190049307046.jpg?RS=100x0&QT=85&SF=webp&sharpen=1x0.5,맥_버닝 러브.jpg,2025-11-25,09:53:30
맥,MAC 맥 파우더 키스 립스틱,쇼킹 레블레이션,https://image.oliveyoung.co.kr/cfimages/cf-goods/uploads/images/options/item/2020/6/8310705346007455953.jpg?RS=100x0&QT=85&SF=webp&sharpen=1x0.5,맥_쇼킹 레블레이션.jpg,2025-11-25,09:53:30
맥,MAC 맥 파우더 키스 립스틱,스테이 큐리어스,https://image.oliveyoung.co.kr/cfimages/cf-goods/uploads/images/options/item/2020/6/3015678658019130586.jpg?RS=100x0&QT=85&SF=webp&sharpen=1x0.5,맥_스테이 큐리어스.jpg,2025-11-25,09:53:30
맥,MAC 립스틱,루비 우,https://image.oliveyoung.co.kr/cfimages/cf-goods/uploads/images/options/item/2020/6/1129866151021217237.jpg?RS=100x0&QT=85&SF=webp&sharpen=1x0.5,맥_루비 우.jpg,2025-11-25,09:53:31
맥,MAC 립스틱,런웨이 히트,https://image.oliveyoung.co.kr/cfimages/cf-goods/uploads/images/options/item/2020/6/6303107307094095817.jpg?RS=100x0&QT=85&SF=webp&sharpen=1x0.5,맥_런웨이 히트.jpg,2025-11-25,09:53:31
맥,MAC 립스틱,릴렌트리슬리 레드,https://image.oliveyoung.co.kr/cfimages/cf-goods/uploads/images/options/item/2020/6/7492933132847894263.jpg?RS=100x0&QT=85&SF=webp&sharpen=1x0.5,맥_릴렌트리슬리 레드.jpg,2025-11-25,09:53:31
맥,MAC 립스틱,올 파이어드 업,https://image.oliveyoung.co.kr/cfimages/cf-goods/uploads/images/options/item/2020/6/5889436339853345197.jpg?RS=100x0&QT=85&SF=webp&sharpen=1x0.5,맥_올 파이어드 업.jpg,2025-11-25,09:53:31
맥,MAC 립스틱,데인저러스,https://image.oliveyoung.co.kr/cfimages/cf-goods/uploads/images/options/item/2020/6/8908240216943853968.jpg?RS=100x0&QT=85&SF=webp&sharpen=1x0.5,맥_데인저러스.jpg,2025-11-25,09:53:31
바비브라운,바비브라운 크러쉬드 립칼라,루비,https://image.oliveyoung.co.kr/cfimages/cf-goods/uploads/images/options/item/2020/6/3238679011771750892.jpg?RS=100x0&QT=85&SF=webp&sharpen=1x0.5,바비브라운_루비.jpg,2025-11-25,09:53:32
바비브라운,바비브라운 크러쉬드 립칼라,워터멜론,https://image.oliveyoung.co.kr/cfimages/cf-goods/uploads/images/options/item/2020/6/8317365559229805183.jpg?RS=100x0&QT=85&SF=webp&sharpen=1x0.5,바비브라운_워터멜론.jpg,2025-11-25,09:53:32
바비브라운,바비브라운 크러쉬드 립칼라,카바나,https://image.oliveyoung.co.kr/cfimages/cf-goods/uploads/images/options/item/2020/6/5419031916109830366.jpg?RS=100x0&QT=85&SF=webp&sharpen=1x0.5,바비브라운_카바나.jpg,2025-11-25,09:53:32
바비브라운,바비브라운 크러쉬드 립칼라,크랜베리,https://image.oliveyoung.co.kr/cfimages/cf-goods/uploads/images/options/item/2021/3/165613735259791441.jpg?RS=100x0&QT=85&SF=webp&sharpen=1x0.5,바비브라운_크랜베리.jpg,2025-11-25,09:53:32
바비브라운,바비브라운 럭스 샤인 인텐스 립스틱,클라렛,https://image.oliveyoung.co.kr/cfimages/cf-goods/uploads/images/options/item/2020/6/1939544517345211256.jpg?RS=100x0&QT=85&SF=webp&sharpen=1x0.5,바비브라운_클라렛.jpg,2025-11-25,09:53:32
바비브라운,바비브라운 럭스 샤인 인텐스 립스틱,트레일 블레이저,https://image.oliveyoung.co.kr/cfimages/cf-goods/uploads/images/options/item/2020/6/1215689997863653931.jpg?RS=100x0&QT=85&SF=webp&sharpen=1x0.5,바비브라운_트레일 블레이저.jpg,2025-11-25,09:53:32
바비브라운,바비브라운 럭스 샤인 인텐스 립스틱,파리 핑크,https://image.oliveyoung.co.kr/cfimages/cf-goods/uploads/images/options/item/2020/6/2694211857495528338.jpg?RS=100x0&QT=85&SF=webp&sharpen=1x0.5,바비브라운_파리 핑크.jpg,2025-11-25,09:53:32
바비브라운,바비브라운 럭스 샤인 인텐스 립스틱,슈퍼노바,https://image.oliveyoung.co.kr/cfimages/cf-goods/uploads/images/options/item/2020/6/5645167681748512684.jpg?RS=100x0&QT=85&SF=webp&sharpen=1x0.5,바비브라운_슈퍼노바.jpg,2025-11-25,09:53:32
바비브라운,바비브라운 럭스 샤인 인텐스 립스틱,쇼스토퍼,https://image.oliveyoung.co.kr/cfimages/cf-goods/uploads/images/options/item/2020/6/7708595474279143776.jpg?RS=100x0&QT=85&SF=webp&sharpen=1x0.5,바비브라운_쇼스토퍼.jpg,2025-11-25,09:53:32
바비브라운,바비브라운 럭스 샤인 인텐스 립스틱,레드 스틸레토,https://image.oliveyoung.co.kr/cfimages/cf-goods/uploads/images/options/item/2020/6/5336633445896263259.jpg?RS=100x0&QT=85&SF=webp&sharpen=1x0.5,바비브라운_레드 스틸레토.jpg,2025-11-25,09:53:32
바비브라운,바비브라운 럭스 샤인 인텐스 립스틱,볼드 허니,https://image.oliveyoung.co.kr/cfimages/cf-goods/uploads/images/options/item/2021/3/5042148398296264758.jpg?RS=100x0&QT=85&SF=webp&sharpen=1x0.5,바비브라운_볼드 허니.jpg,2025-11-25,09:53:32
맥,MAC 러스터글래스 립스틱 택1,레이디 버그,https://image.oliveyoung.co.kr/cfimages/cf-goods/uploads/images/options/item/2021/8/8904321925485498649.jpg?RS=100x0&QT=85&SF=webp&sharpen=1x0.5,맥_레이디 버그.jpg,2025-11-25,09:53:33
맥,MAC 러스터글래스 립스틱 택1,코크니,https://image.oliveyoung.co.kr/cfimages/cf-goods/uploads/images/options/item/2021/8/1889246938433377704.jpg?RS=100x0&QT=85&SF=webp&sharpen=1x0.5,맥_코크니.jpg,2025-11-25,09:53:33
맥,MAC 러스터글래스 립스틱 택1,티엔티저,https://image.oliveyoung.co.kr/cfimages/cf-goods/uploads/images/options/item/2021/8/1119789487540937999.jpg?RS=100x0&QT=85&SF=webp&sharpen=1x0.5,맥_티엔티저.jpg,2025-11-25,09:53:33
맥,MAC 러스터글래스 립스틱 택1,노 포토스,https://image.oliveyoung.co.kr/cfimages/cf-goods/uploads/images/options/item/2022/1/8941563645685835505.jpg?RS=100x0&QT=85&SF=webp&sharpen=1x0.5,맥_노 포토스.jpg,2025-11-25,09:53:33
맥,MAC 러스터글래스 립스틱 택1,씨 쉬어,https://image.oliveyoung.co.kr/cfimages/cf-goods/uploads/images/options/item/2021/8/3449296940139113776.jpg?RS=100x0&QT=85&SF=webp&sharpen=1x0.5,맥_씨 쉬어.jpg,2025-11-25,09:53:33
맥,MAC 러스터글래스 립스틱 택1,로컬 셀럽,https://image.oliveyoung.co.kr/cfimages/cf-goods/uploads/images/options/item/2021/8/1614984816652909250.jpg?RS=100x0&QT=85&SF=webp&sharpen=1x0.5,맥_로컬 셀럽.jpg,2025-11-25,09:53:33
맥,MAC 러스터글래스 립스틱 택1,피그먼트 오브 유어 이매지네이,https://image.oliveyoung.co.kr/cfimages/cf-goods/uploads/images/options/item/2021/8/4436518966538509572.jpg?RS=100x0&QT=85&SF=webp&sharpen=1x0.5,맥_피그먼트 오브 유어 이매지네이.jpg,2025-11-25,09:53:33
맥,MAC 러스터글래스 립스틱 택1,비즈니스 캐주얼,https://image.oliveyoung.co.kr/cfimages/cf-goods/uploads/images/options/item/2021/8/2627807170799066749.jpg?RS=100x0&QT=85&SF=webp&sharpen=1x0.5,맥_비즈니스 캐주얼.jpg,2025-11-25,09:53:33
맥,MAC 러스터글래스 립스틱 택1,허그 미,https://image.oliveyoung.co.kr/cfimages/cf-goods/uploads/images/options/item/2021/12/8524604625410692712.jpg?RS=100x0&QT=85&SF=webp&sharpen=1x0.5,맥_허그 미.jpg,2025-11-25,09:53:33
맥,MAC 러스터글래스 립스틱 택1,피디에이,https://image.oliveyoung.co.kr/cfimages/cf-goods/uploads/images/options/item/2021/12/3469391722916607795.jpg?RS=100x0&QT=85&SF=webp&sharpen=1x0.5,맥_피디에이.jpg,2025-11-25,09:53:33
맥,MAC 러스터글래스 립스틱 택1,프렌다,https://image.oliveyoung.co.kr/cfimages/cf-goods/uploads/images/options/item/2022/1/4203145956171551712.jpg?RS=100x0&QT=85&SF=webp&sharpen=1x0.5,맥_프렌다.jpg,2025-11-25,09:53:33
디어달리아,디어달리아 립 파라다이스 에포트리스 매트 립스틱 3.2g,카밀라,https://image.oliveyoung.co.kr/cfimages/cf-goods/uploads/images/options/item/2022/2/5956534468046231125.png?RS=100x0&QT=100&SF=webp&sharpen=1x0.5,디어달리아_카밀라.jpg,2025-11-25,09:53:33
디어달리아,디어달리아 립 파라다이스 에포트리스 매트 립스틱 3.2g,소피,https://image.oliveyoung.co.kr/cfimages/cf-goods/uploads/images/options/item/2022/2/5510815933079367723.png?RS=100x0&QT=100&SF=webp&sharpen=1x0.5,디어달리아_소피.jpg,2025-11-25,09:53:33
디어달리아,디어달리아 립 파라다이스 에포트리스 매트 립스틱 3.2g,나타샤,https://image.oliveyoung.co.kr/cfimages/cf-goods/uploads/images/options/item/2022/2/3558781845344563750.png?RS=100x0&QT=100&SF=webp&sharpen=1x0.5,디어달리아_나타샤.jpg,2025-11-25,09:53:33
디어달리아,디어달리아 립 파라다이스 에포트리스 매트 립스틱 3.2g,앰버,https://image.oliveyoung.co.kr/cfimages/cf-goods/uploads/images/options/item/2022/2/4670928097517483369.png?RS=100x0&QT=100&SF=webp&sharpen=1x0.5,디어달리아_앰버.jpg,2025-11-25,09:53:33
